ID,name,email,avatar_url,createdAt,createdBy,modifiedAt,modifiedBy,avatar_url,email_subscription
23084022-9971-407a-9470-6d42d4c9844e,John Snow,john@mail.com,https://picsum.photos/id/91/200,2016-09-17T23:00:00.000Z,john@mail.com,2003-05-05T23:00:00.000Z,john@mail.com,https://picsum.photos/200,true
23084023-46d6-4f8f-b4da-3a7d0fcddb6b,name-23084023,email-23084023@mail.com,https://picsum.photos/id/237/200,2011-12-20T23:00:00.000Z,createdBy.dqrqv@example.org,2001-07-06T23:00:00.000Z,modifiedBy.dqrqv@example.net,https://picsum.photos/200,true
23084024-e79c-46cf-b853-2622223139b2,name-23084024,email-23084024@mail.com,https://picsum.photos/id/342/200,2022-12-27T23:00:00.000Z,createdBy.dqrqw@example.org,2016-11-29T23:00:00.000Z,modifiedBy.dqrqw@example.org,https://picsum.photos/200,true
a1b2c3d4-5678-49ef-a0b1-c2d3e4f56789,Alice Smith,alice.s@sample.org,https://picsum.photos/id/100/200,2019-03-08T10:30:00.000Z,system,2024-01-15T14:00:00.000Z,admin,https://picsum.photos/201,true
f8e7d6c5-4321-4ba9-9876-5a4b3c2d1e0f,Bob Johnson,bob.j@example.com,https://picsum.photos/id/150/200,2014-11-22T18:45:00.000Z,user-init,2023-09-01T09:15:00.000Z,editor,https://picsum.photos/202,true
90abcdef-1234-4567-89ab-cdef01234567,Charlie Brown,charlie@domain.net,https://picsum.photos/id/200/200,2021-06-05T07:00:00.000Z,script,2025-03-20T16:30:00.000Z,updater,https://picsum.photos/203,true
bca98765-fedc-4321-ba98-76543210fedc,Diana Lee,diana.l@provider.info,https://picsum.photos/id/250/200,2017-07-19T21:12:00.000Z,registration,2022-05-10T11:00:00.000Z,system,https://picsum.photos/204,true
3456789a-bcde-4f01-2345-6789abcdef01,Ethan Green,ethan.g@service.com,https://picsum.photos/id/300/200,2020-01-02T14:20:00.000Z,migration,2024-08-25T19:45:00.000Z,admin,https://picsum.photos/205,true
def01234-5678-4abc-def0-123456789abc,Fiona White,fiona.w@network.org,https://picsum.photos/id/350/200,2013-09-28T03:55:00.000Z,import,2023-02-18T06:00:00.000Z,script,https://picsum.photos/206,true
789abcd0-1234-4def-a9b8-c7d6e5f43210,George Black,george.b@online.com,https://picsum.photos/id/400/200,2023-04-11T09:30:00.000Z,manual,2025-01-05T22:15:00.000Z,editor,https://picsum.photos/207,true
cba9876d-ef01-4234-b5a6-789012345678,Hannah Grey,hannah.g@digital.net,https://picsum.photos/id/450/200,2018-05-25T17:05:00.000Z,api,2022-10-01T13:30:00.000Z,updater,https://picsum.photos/208,true
1234567e-f012-489a-bcde-f0123456789a,Ian Brown,ian.b@cloud.io,https://picsum.photos/id/500/200,2024-02-09T01:40:00.000Z,system,2025-04-01T08:00:00.000Z,admin,https://picsum.photos/209,true
f0e9d8c7-6543-412b-a879-b6c5d4e3f210,Jane Doe,jane.d@web.site,https://picsum.photos/id/550/200,2015-10-03T12:50:00.000Z,user-invite,2023-06-12T17:45:00.000Z,editor,https://picsum.photos/210,true
89abcdef-0123-4cde-f9a8-b7c6d5e4f321,Kevin Miller,kevin.m@tech.com,https://picsum.photos/id/600/200,2022-08-16T20:25:00.000Z,script,2024-11-19T02:00:00.000Z,updater,https://picsum.photos/211,true
cdefa012-3456-4789-abcd-ef0123456789,Laura Wilson,laura.w@data.net,https://picsum.photos/id/650/200,2019-12-30T06:10:00.000Z,migration,2023-03-25T21:30:00.000Z,system,https://picsum.photos/212,true
2345678f-90ab-4cde-f1a2-b3c4d5e6f789,Mike Davis,mike.d@network.io,https://picsum.photos/id/700/200,2021-04-13T15:45:00.000Z,import,2025-02-07T04:15:00.000Z,admin,https://picsum.photos/213,true
9012345g-hijk-4def-a3b4-c5d6e7f890ab,Nancy Clark,nancy.c@online.org,https://picsum.photos/id/750/200,2016-11-06T23:20:00.000Z,manual,2022-07-21T10:00:00.000Z,script,https://picsum.photos/214,true
bcdefa01-2345-4678-9abc-def012345678,Oliver Hall,oliver.h@digital.com,https://picsum.photos/id/800/200,2023-07-01T11:55:00.000Z,api,2024-05-30T18:45:00.000Z,editor,https://picsum.photos/215,true
3456789h-ijkl-4abc-def1-23456789abcd,Patricia King,patricia.k@cloud.net,https://picsum.photos/id/850/200,2018-08-14T08:30:00.000Z,system,2023-11-12T15:15:00.000Z,updater,https://picsum.photos/216,true
ef01234i-jklm-4def-a2b3-c4d5e6f789ab,Quentin Lewis,quentin.l@web.io,https://picsum.photos/id/900/200,2024-03-28T19:00:00.000Z,user-invite,2025-04-02T09:00:00.000Z,admin,https://picsum.photos/217,true
456789aj-klmn-4abc-def2-3456789abcde,Rachel Moore,rachel.m@tech.org,https://picsum.photos/id/950/200,2015-05-09T04:40:00.000Z,script,2022-01-28T20:30:00.000Z,script,https://picsum.photos/218,true
cdef012k-lmno-4def-a1b2-c3d4e5f6789a,Samuel Young,samuel.y@data.com,https://picsum.photos/id/1000/200,2022-11-21T13:15:00.000Z,migration,2024-07-05T07:45:00.000Z,editor,https://picsum.photos/219,true
56789abl-mnop-4abc-def3-456789abcd01,Theresa Wright,theresa.w@network.net,https://picsum.photos/id/1010/200,2017-09-04T22:50:00.000Z,import,2023-04-19T14:00:00.000Z,updater,https://picsum.photos/220,true
def0123m-nopq-4def-a0b1-c2d3e4f56789,Victor Adams,victor.a@online.io,https://picsum.photos/id/1020/200,2020-05-18T10:25:00.000Z,manual,2025-03-10T23:15:00.000Z,admin,https://picsum.photos/221,true
6789abcn-opqr-4abc-def4-56789abcd012,Wendy Hill,wendy.h@digital.org,https://picsum.photos/id/1030/200,2023-01-11T07:00:00.000Z,api,2024-09-22T11:30:00.000Z,script,https://picsum.photos/222,true
abcd123o-pqrs-4def-a9b8-c7d6e5f43210,Xavier Baker,xavier.b@cloud.com,https://picsum.photos/id/1040/200,2019-06-24T16:35:00.000Z,system,2023-01-01T18:00:00.000Z,editor,https://picsum.photos/223,true
789abcde-fghi-4abc-def5-6789abcd0123,Yvonne Carter,yvonne.c@web.net,https://picsum.photos/id/1050/200,2021-08-07T02:10:00.000Z,user-invite,2025-04-04T05:45:00.000Z,updater,https://picsum.photos/224,true
f0e9d8cp-qrst-4def-a879-b6c5d4e3f210,Zachary Evans,zachary.e@tech.io,https://picsum.photos/id/1060/200,2014-04-20T20:45:00.000Z,script,2022-09-15T12:00:00.000Z,admin,https://picsum.photos/225,true
89abcdfq-rstu-4abc-def6-789abcd01234,Amy Garcia,amy.g@data.org,https://picsum.photos/id/1070/200,2020-12-03T09:20:00.000Z,migration,2024-06-08T19:30:00.000Z,script,https://picsum.photos/226,true
cdefa01r-stuv-4def-a7b8-c9d0e1f23456,Brian Harris,brian.h@network.com,https://picsum.photos/id/1080/200,2017-01-27T17:55:00.000Z,import,2023-02-22T03:15:00.000Z,editor,https://picsum.photos/227,true
2345678s-tuvw-4abc-def7-89abcd012345,Carol Jackson,carol.j@online.net,https://picsum.photos/id/1090/200,2023-09-10T05:30:00.000Z,manual,2025-01-19T10:45:00.000Z,updater,https://picsum.photos/228,true
9012345t-uvwx-4def-a6b7-c8d9e0f12345,David Lewis,david.l@email.co.uk,https://picsum.photos/id/1100/200,2020-07-15T14:00:00.000Z,admin,2024-12-01T21:00:00.000Z,system,https://picsum.photos/229,true
bcdefa0u-vwxy-4abc-deff-1234567890ab,Emily Perez,emily.p@server.com,https://picsum.photos/id/1110/200,2022-05-02T09:15:00.000Z,script,2023-08-10T06:30:00.000Z,editor,https://picsum.photos/230,true
3456789v-wxyz-4def-a5b6-c7d8e9f01234,Frank Taylor,frank.t@network.net,https://picsum.photos/id/1120/200,2016-02-29T18:30:00.000Z,user,2025-03-15T12:45:00.000Z,updater,https://picsum.photos/231,true
ef01234w-xyza-4abc-defa-23456789abcd,Grace Wilson,grace.w@digital.io,https://picsum.photos/id/1130/200,2024-01-05T03:45:00.000Z,api,2024-06-20T19:00:00.000Z,admin,https://picsum.photos/232,true
456789ax-yzab-4def-a4b5-c6d7e8f90123,Henry Moore,henry.m@cloud.com,https://picsum.photos/id/1140/200,2019-09-18T22:00:00.000Z,system,2023-11-05T04:15:00.000Z,script,https://picsum.photos/233,true
cdef012y-zabc-4abc-defb-3456789abcde,Isabelle Clark,isabelle.c@web.org,https://picsum.photos/id/1150/200,2021-11-11T11:15:00.000Z,import,2025-02-01T17:30:00.000Z,editor,https://picsum.photos/234,true
56789abz-abcd-4def-a3b4-c5d6e7f890ab,Jack Harris,jack.h@tech.net,https://picsum.photos/id/1160/200,2017-06-03T08:30:00.000Z,manual,2022-12-25T10:45:00.000Z,updater,https://picsum.photos/235,true
def01230-bcde-4abc-defc-456789abcd01,Kelly Green,kelly.g@data.io,https://picsum.photos/id/1170/200,2023-03-20T16:45:00.000Z,migration,2024-09-05T23:00:00.000Z,admin,https://picsum.photos/236,true
6789abc1-cdef-4def-a2b3-c4d5e6f789ab,Liam King,liam.k@network.com,https://picsum.photos/id/1180/200,2015-08-01T01:00:00.000Z,api,2023-05-15T07:15:00.000Z,script,https://picsum.photos/237,true
abcd1232-defg-4abc-defd-56789abcd012,Mia Lewis,mia.l@digital.net,https://picsum.photos/id/1190/200,2022-09-14T20:15:00.000Z,system,2025-04-10T13:30:00.000Z,editor,https://picsum.photos/238,true
789abcde-efgh-4def-a1b2-c3d4e5f6789a,Noah Martin,noah.m@cloud.org,https://picsum.photos/id/1200/200,2018-12-28T05:30:00.000Z,user-invite,2024-07-25T09:45:00.000Z,updater,https://picsum.photos/239,true
f0e9d8c3-fghi-4abc-defe-6789abcd0123,Olivia Wright,olivia.w@web.com,https://picsum.photos/id/1210/200,2020-04-11T13:45:00.000Z,script,2023-01-01T16:00:00.000Z,admin,https://picsum.photos/240,true
89abcdfg-ghij-4def-a0b1-c2d3e4f56789,Peter Garcia,peter.g@tech.io,https://picsum.photos/id/1220/200,2023-10-25T22:00:00.000Z,migration,2024-08-20T02:15:00.000Z,script,https://picsum.photos/241,true
cdefa014-hijk-4abc-deff-789abcd01234,Quinn Adams,quinn.a@data.net,https://picsum.photos/id/1230/200,2016-07-08T10:15:00.000Z,import,2025-03-05T18:30:00.000Z,editor,https://picsum.photos/242,true
23456785-ijkl-4def-a9b8-c7d6e5f43210,Ryan Baker,ryan.b@network.org,https://picsum.photos/id/1240/200,2022-02-19T04:30:00.000Z,manual,2023-09-10T11:45:00.000Z,updater,https://picsum.photos/243,true
90123456-jklm-4abc-def0-89abcd012345,Sophia Carter,sophia.c@online.com,https://picsum.photos/id/1250/200,2019-05-03T17:45:00.000Z,api,2024-11-15T00:00:00.000Z,admin,https://picsum.photos/244,true
bcdefa07-klmn-4def-a8b9-c6d7e8f90123,Thomas Davis,thomas.d@digital.io,https://picsum.photos/id/1260/200,2024-04-05T09:00:00.000Z,system,2025-01-20T06:15:00.000Z,script,https://picsum.photos/245,true
34567898-lmno-4abc-def1-9abcd0123456,Uma Evans,uma.e@cloud.net,https://picsum.photos/id/1270/200,2021-07-17T21:15:00.000Z,user-invite,2023-07-05T12:30:00.000Z,editor,https://picsum.photos/246,true
ef012349-mnop-4def-a7b8-c5d6e7f890ab,William Flores,william.f@web.org,https://picsum.photos/id/1280/200,2017-11-30T02:30:00.000Z,script,2024-05-01T19:45:00.000Z,updater,https://picsum.photos/247,true
456789ab-nopq-4abc-def2-abcdef012345,Violet Fox,violet.f@tech.com,https://picsum.photos/id/1290/200,2023-06-12T10:00:00.000Z,migration,2025-05-10T08:00:00.000Z,admin,https://picsum.photos/248,true
cdef012a-pqrs-4def-a6b5-c4d3e2f10987,Wyatt Young,wyatt.y@data.net,https://picsum.photos/id/1300/200,2018-01-25T19:15:00.000Z,import,2023-12-15T14:15:00.000Z,script,https://picsum.photos/249,true
56789abc-qrst-4abc-def3-bcdefa012345,Xena Allen,xena.a@network.io,https://picsum.photos/id/1310/200,2020-09-07T03:30:00.000Z,manual,2024-02-28T21:30:00.000Z,editor,https://picsum.photos/250,true
def0123b-rstu-4def-a5b4-c3d2e1f09876,Yara Reed,yara.r@online.org,https://picsum.photos/id/1320/200,2016-04-20T12:45:00.000Z,api,2025-01-02T05:45:00.000Z,updater,https://picsum.photos/251,true
6789abcd-stuv-4abc-def4-cdefa0123456,Zane Powell,zane.p@digital.com,https://picsum.photos/id/1330/200,2022-11-01T21:00:00.000Z,system,2023-07-20T17:00:00.000Z,admin,https://picsum.photos/252,true
abcd123c-tuvw-4def-a4b3-c2d1e0f98765,Ava Cox,ava.c@cloud.net,https://picsum.photos/id/1340/200,2019-07-15T08:15:00.000Z,user-invite,2024-08-03T01:15:00.000Z,script,https://picsum.photos/253,true
789abcde-uvwx-4abc-def5-def012345678,Ben Ramirez,ben.r@web.io,https://picsum.photos/id/1350/200,2021-03-29T17:30:00.000Z,script,2025-04-15T11:30:00.000Z,editor,https://picsum.photos/254,true
f0e9d8cf-vwxy-4def-a3b2-c1d0e0f89876,Clara Bell,clara.b@tech.org,https://picsum.photos/id/1360/200,2017-10-12T02:45:00.000Z,migration,2023-01-28T18:45:00.000Z,updater,https://picsum.photos/255,true
89abcdfg-wxyz-4abc-def6-ef0123456789,Dylan Long,dylan.l@data.com,https://picsum.photos/id/1370/200,2024-05-08T06:00:00.000Z,import,2024-10-10T05:00:00.000Z,admin,https://picsum.photos/256,true
cdefa010-xyza-4def-a2b1-c0d9e0f79876,Ella Torres,ella.t@network.net,https://picsum.photos/id/1380/200,2015-01-21T15:15:00.000Z,manual,2022-06-05T03:15:00.000Z,script,https://picsum.photos/257,true
23456781-yzab-4abc-def7-f0e9d8c76543,Felix Rivera,felix.r@online.io,https://picsum.photos/id/1390/200,2022-08-04T00:30:00.000Z,api,2025-03-01T15:30:00.000Z,editor,https://picsum.photos/258,true
90123452-zabc-4def-a1b0-c0d8e0f69875,Gabriela Ward,gabriela.w@digital.org,https://picsum.photos/id/1400/200,2018-09-17T09:45:00.000Z,system,2023-09-22T00:45:00.000Z,updater,https://picsum.photos/259,true
bcdefa03-abcd-4abc-def8-89abcdef0123,Henry Gray,henry.g@cloud.com,https://picsum.photos/id/1410/200,2023-11-28T18:00:00.000Z,user-invite,2024-04-20T07:00:00.000Z,admin,https://picsum.photos/260,true
34567894-bcde-4def-a0af-bfce01234567,Ivy Perry,ivy.p@web.net,https://picsum.photos/id/1420/200,2017-04-10T03:15:00.000Z,script,2022-11-03T19:15:00.000Z,script,https://picsum.photos/261,true
ef012345-cdef-4abc-def9-90abcdef0121,Jackson Phillips,jackson.ph@tech.io,https://picsum.photos/id/1430/200,2020-12-23T12:30:00.000Z,migration,2024-01-15T02:30:00.000Z,editor,https://picsum.photos/262,true
456789a6-defg-4def-a9ae-bead01234564,Katherine Mitchell,katherine.mi@data.org,https://picsum.photos/id/1440/200,2016-08-05T21:45:00.000Z,import,2023-08-28T09:45:00.000Z,updater,https://picsum.photos/263,true
cdef0127-efgh-4abc-defa-a1b0-c0d9e0f,Leo Roberts,leo.r@network.com,https://picsum.photos/id/1450/200,2023-02-16T07:00:00.000Z,manual,2025-02-12T16:00:00.000Z,admin,https://picsum.photos/264,true
56789ab8-fghi-4def-a8ad-bdac01234567,Madison Carter,madison.ca@online.net,https://picsum.photos/id/1460/200,2019-02-28T16:15:00.000Z,api,2023-05-25T03:15:00.000Z,script,https://picsum.photos/265,true
def01239-ghij-4abc-defb-b2c1-cdefa01,Nathan Cook,nathan.co@digital.io,https://picsum.photos/id/1470/200,2021-09-11T01:30:00.000Z,system,2024-11-21T10:30:00.000Z,editor,https://picsum.photos/266,true
6789abca-hijk-4def-a7ac-bca987654321,Ophelia Price,ophelia.pr@cloud.net,https://picsum.photos/id/1480/200,2017-05-24T10:45:00.000Z,user-invite,2025-01-05T17:45:00.000Z,updater,https://picsum.photos/267,true
abcd123b-ijkl-4abc-defc-c3d2-def0123,Parker Hall,parker.ha@web.org,https://picsum.photos/id/1490/200,2020-01-06T19:00:00.000Z,script,2023-07-08T00:00:00.000Z,admin,https://picsum.photos/268,true
789abcd0-jklm-4def-a6ab-cb9876543210,Quincy Morris,quincy.mo@tech.com,https://picsum.photos/id/1500/200,2023-07-19T04:15:00.000Z,migration,2024-06-25T06:15:00.000Z,script,https://picsum.photos/269,true
f0e9d8c1-klmn-4abc-defd-d4e3-ef01234,Riley Wood,riley.wo@data.io,https://picsum.photos/id/1510/200,2016-02-01T13:30:00.000Z,import,2022-12-10T13:30:00.000Z,editor,https://picsum.photos/270,true
89abcdef2-lmno-4def-a5aa-dcba01234567,Sawyer Bennett,sawyer.be@network.com,https://picsum.photos/id/1520/200,2022-09-14T22:45:00.000Z,manual,2025-02-18T20:45:00.000Z,updater,https://picsum.photos/271,true
cdefa013-mnop-4abc-defe-e5f4-f0e9d8c7,Taylor James,taylor.ja@online.net,https://picsum.photos/id/1530/200,2019-05-28T00:00:00.000Z,api,2023-08-01T08:00:00.000Z,admin,https://picsum.photos/272,true
23456784-nopq-4def-a4a9-f8e7d6c54321,Uriah Collins,uriah.co@digital.org,https://picsum.photos/id/1540/200,2023-12-11T09:15:00.000Z,system,2024-09-03T16:15:00.000Z,script,https://picsum.photos/273,true
90123455-opqr-4abc-deff-90abcdef0123,Vivian Murphy,vivian.mu@cloud.net,https://picsum.photos/id/1550/200,2018-03-25T18:30:00.000Z,user-invite,2024-03-20T01:30:00.000Z,editor,https://picsum.photos/274,true
bcdefa06-pqrst-4def-a3a8-a1b2c3d45678,Wesley Rogers,wesley.ro@web.io,https://picsum.photos/id/1560/200,2021-10-07T03:45:00.000Z,script,2025-01-12T11:45:00.000Z,updater,https://picsum.photos/275,true
34567897-qrstu-4abc-def0-a2b3c4d56789,Xander Gray,xander.gr@tech.com,https://picsum.photos/id/1570/200,2017-07-21T13:00:00.000Z,migration,2023-06-25T18:00:00.000Z,admin,https://picsum.photos/276,true
ef012348-rstuv-4def-a2a7-b5c6d7e890ab,Yasmine Price,yasmine.pr@data.net,https://picsum.photos/id/1580/200,2024-02-03T22:15:00.000Z,import,2024-07-30T04:15:00.000Z,script,https://picsum.photos/277,true
456789a9-stuvw-4abc-def1-abcdef01234q,Zachary Long,zachary.lo@network.org,https://picsum.photos/id/1590/200,2015-09-16T07:30:00.000Z,manual,2022-02-12T21:30:00.000Z,editor,https://picsum.photos/278,true
a1b2c3d0-qrstu-4def-b0c9-a8b7c6d5e4f3,Abigail Shaw,abigail.s@sample.com,https://picsum.photos/id/1600/200,2021-05-10T11:00:00.000Z,system-gen,2024-03-01T15:00:00.000Z,admin-tool,https://picsum.photos/279,true
f8e7d6c1-rstuv-4abc-c1b0-f9e8d7c6b5a4,Benjamin West,benjamin.w@example.org,https://picsum.photos/id/1610/200,2019-11-03T19:30:00.000Z,registration-script,2023-10-15T09:45:00.000Z,data-migration,https://picsum.photos/280,true
90abcdef2-stuvw-4def-d2c1-89abcdef012,Catherine Reed,catherine.r@domain.net,https://picsum.photos/id/1620/200,2023-01-18T06:45:00.000Z,api-integration,2025-02-20T20:00:00.000Z,user-process,https://picsum.photos/281,true
bca98763-tuvwx-4abc-e3d2-bca98765fedc,Daniel Hayes,daniel.h@provider.info,https://picsum.photos/id/1630/200,2017-08-22T14:15:00.000Z,manual-entry,2022-07-01T03:15:00.000Z,batch-update,https://picsum.photos/282,true
34567894-uvwxyz-4def-f4e3-3456789abcde,Eleanor Price,eleanor.p@service.com,https://picsum.photos/id/1640/200,2020-04-05T23:00:00.000Z,system-task,2024-09-05T11:30:00.000Z,security-patch,https://picsum.photos/283,true
def01235-vwxyza-4abc-a5f4-def012345678,Frederick Bell,frederick.b@network.org,https://picsum.photos/id/1650/200,2022-06-29T02:30:00.000Z,data-import,2023-03-10T17:45:00.000Z,reporting-tool,https://picsum.photos/284,true
789abcd6-xyzabc-4def-b6a5-789abcd01234,Gabrielle Shaw,gabrielle.s@online.com,https://picsum.photos/id/1660/200,2018-12-12T10:45:00.000Z,user-creation,2025-01-25T01:00:00.000Z,monitoring-system,https://picsum.photos/285,true
cba98767-yzabcd-4abc-c7b6-cba9876def01,Harrison West,harrison.w@digital.net,https://picsum.photos/id/1670/200,2024-07-01T18:00:00.000Z,admin-script,2024-11-20T08:15:00.000Z,alerting-service,https://picsum.photos/286,true
12345678-zabcde-4def-d8c7-1234567ef012,Isabella Reed,isabella.r@cloud.io,https://picsum.photos/id/1680/200,2016-03-15T01:15:00.000Z,batch-process,2023-04-05T19:30:00.000Z,logging-system,https://picsum.photos/287,true
f0e9d8c9-abcdef-4abc-e9d8-f0e9d8c76543,Jasper Hayes,jasper.h@web.site,https://picsum.photos/id/1690/200,2022-09-25T09:30:00.000Z,security-scan,2024-06-10T04:45:00.000Z,backup-process,https://picsum.photos/288,true
89abcdefa-bcdefa-4def-f0e9-89abcdef0123,Katherine Price,katherine.p@tech.com,https://picsum.photos/id/1700/200,2019-05-01T20:45:00.000Z,reporting-job,2025-03-01T12:00:00.000Z,restore-process,https://picsum.photos/289,true
cdefa01b-cdefab-4abc-a1f0-cdefa0123456,Liam Bell,liam.b@data.net,https://picsum.photos/id/1710/200,2023-02-12T07:00:00.000Z,monitoring-task,2023-11-25T23:15:00.000Z,firewall-update,https://picsum.photos/290,true
2345678c-defabc-4def-b2e1-2345678f0123,Mia Shaw,mia.s@network.io,https://picsum.photos/id/1720/200,2017-11-26T15:15:00.000Z,alert-system,2024-01-01T07:30:00.000Z,intrusion-detection,https://picsum.photos/291,true
9012345d-efabcd-4abc-c3d2-9012345g0hij,Noah West,noah.w@online.org,https://picsum.photos/id/1730/200,2020-08-09T00:30:00.000Z,backup-script,2025-04-15T18:45:00.000Z,vulnerability-scan,https://picsum.photos/292,true
bcdefa0e-fabcde-4def-d4e3-bcdefa012345,Olivia Reed,olivia.r@digital.com,https://picsum.photos/id/1740/200,2022-04-23T08:45:00.000Z,restore-job,2023-05-20T02:00:00.000Z,patch-management,https://picsum.photos/293,true
3456789f-abcdef0-4abc-e5f4-3456789abcdef0,Owen Hayes,owen.h@cloud.net,https://picsum.photos/id/1750/200,2018-01-07T17:00:00.000Z,firewall-rule,2024-12-25T10:15:00.000Z,configuration-audit,https://picsum.photos/294,true
ef012340-bcdefa1-4def-f6a5-ef0123456789,Penelope Price,penelope.p@web.io,https://picsum.photos/id/1760/200,2023-09-15T04:15:00.000Z,intrusion-alert,2023-02-01T21:30:00.000Z,access-control,https://picsum.photos/295,true
789abcd1-cdefa02-4abc-a7b6-789abcd01234,Quinn Bell,quinn.b@tech.org,https://picsum.photos/id/1770/200,2020-06-20T12:30:00.000Z,vulnerability-report,2025-03-10T05:45:00.000Z,data-encryption,https://picsum.photos/296,true
cba98762-defa03-4def-b8c7-cba9876def01,Ryan Shaw,ryan.s@data.com,https://picsum.photos/id/1780/200,2022-11-05T20:45:00.000Z,patch-deployment,2023-07-15T14:00:00.000Z,security-training,https://picsum.photos/297,true
12345673-efa04-4abc-c9d8-1234567ef012,Scarlett West,scarlett.w@network.net,https://picsum.photos/id/1790/200,2019-01-28T03:00:00.000Z,configuration-change,2024-05-01T22:15:00.000Z,compliance-check,https://picsum.photos/298,true
f0e9d8c4-fab05-4def-d0e9-f0e9d8c76543,Thomas Reed,thomas.r@online.io,https://picsum.photos/id/1800/200,2023-05-12T11:15:00.000Z,access-request,2023-02-10T09:30:00.000Z,audit-log,https://picsum.photos/299,true
89abcdef5-abc06-4abc-e1f0-89abcdef0123,Uma Hayes,uma.h@digital.org,https://picsum.photos/id/1810/200,2021-07-25T19:30:00.000Z,audit-report,2025-04-20T03:45:00.000Z,risk-assessment,https://picsum.photos/300,true
cdefa016-bcd07-4def-f2e1-cdefa0123456,Victor Price,victor.p@cloud.com,https://picsum.photos/id/1820/200,2017-02-08T06:45:00.000Z,risk-analysis,2022-12-05T17:00:00.000Z,threat-modeling,https://picsum.photos/301,true
23456787-cde08-4abc-a3f2-2345678f0123,Wendy Bell,wendy.b@web.site,https://picsum.photos/id/1830/200,2020-10-01T14:00:00.000Z,threat-detection,2024-06-25T01:15:00.000Z,incident-response,https://picsum.photos/302,true
90123458-def09-4def-b4a3-9012345g0hij,Xavier Shaw,xavier.s@tech.com,https://picsum.photos/id/1840/200,2022-05-15T22:15:00.000Z,incident-report,2023-03-20T09:30:00.000Z,security-awareness,https://picsum.photos/303,true
bcdefa09-ef010-4abc-c5b4-bcdefa012345,Yara West,yara.w@data.net,https://picsum.photos/id/1850/200,2018-06-28T09:30:00.000Z,security-policy,2025-01-01T20:45:00.000Z,vulnerability-management,https://picsum.photos/304,true
3456789a-f0121-4def-d6c5-3456789abcdef0,Zane Reed,zane.r@network.io,https://picsum.photos/id/1860/200,2024-01-10T17:45:00.000Z,vulnerability-scan,2024-11-10T05:00:00.000Z,penetration-testing,https://picsum.photos/305,true
ef01234b-01232-4abc-e7d6-ef0123456789,Aaliyah Hayes,aaliyah.h@online.org,https://picsum.photos/id/1870/200,2016-09-02T02:00:00.000Z,penetration-report,2023-04-25T13:15:00.000Z,security-audit,https://picsum.photos/306,true
789abcd2-12343-4def-f8e7-789abcd01234,Brandon Price,brandon.p@digital.com,https://picsum.photos/id/1880/200,2022-07-16T10:15:00.000Z,security-assessment,2024-07-05T21:30:00.000Z,compliance-report,https://picsum.photos/307,true
cba98763-23454-4abc-90ab-cba9876def01,Chelsea Bell,chelsea.b@cloud.net,https://picsum.photos/id/1890/200,2019-03-30T21:30:00.000Z,compliance-check,2025-03-05T09:45:00.000Z,data-loss-prevention,https://picsum.photos/308,true
12345674-34565-4def-bcde-1234567ef012,Devon Shaw,devon.s@web.site,https://picsum.photos/id/1900/200,2020-11-13T07:45:00.000Z,audit-tool,2023-09-20T17:00:00.000Z,encryption-service,https://picsum.photos/309,true
f0e9d8c5-45676-4abc-cdef-f0e9d8c76543,Erin West,erin.w@tech.com,https://picsum.photos/id/1910/200,2018-07-01T16:00:00.000Z,dlp-system,2024-04-10T03:15:00.000Z,access-review,https://picsum.photos/310,true
89abcdef6-56787-4def-def0-89abcdef0123,Finn Reed,finn.r@data.net,https://picsum.photos/id/1920/200,2022-03-08T01:15:00.000Z,access-management,2025-01-15T11:30:00.000Z,security-ops,https://picsum.photos/311,true
cdefa017-67898-4abc-ef01-cdefa0123456,Gemma Hayes,gemma.h@network.io,https://picsum.photos/id/1930/200,2019-09-21T09:30:00.000Z,siem-system,2023-05-03T19:45:00.000Z,threat-intelligence,https://picsum.photos/312,true
23456788-78909-4def-f012-2345678f0123,Hayden Price,hayden.p@online.org,https://picsum.photos/id/1940/200,2024-05-05T18:45:00.000Z,soc-analyst,2024-12-20T06:00:00.000Z,security-engineer,https://picsum.photos/313,true
90123459-89010-4abc-0123-9012345g0hij,Imogen Bell,imogen.b@digital.com,https://picsum.photos/id/1950/200,2017-01-28T04:00:00.000Z,security-architect,2023-10-28T14:15:00.000Z,security-consultant,https://picsum.photos/314,true
bcdefa0a-90121-4def-1234-bcdefa012345,Jaxon Shaw,jaxon.s@cloud.net,https://picsum.photos/id/1960/200,2023-11-22T12:15:00.000Z,security-manager,2024-02-15T22:30:00.000Z,security-auditor,https://picsum.photos/315,true
3456789b-01232-4abc-2345-3456789abcdef0,Keira West,keira.w@web.io,https://picsum.photos/id/1970/200,2019-07-05T20:30:00.000Z,privacy-officer,2025-03-01T09:45:00.000Z,compliance-manager,https://picsum.photos/316,true
ef01234c-12343-4def-3456-ef0123456789,Leo Reed,leo.r@tech.org,https://picsum.photos/id/1980/200,2021-02-18T05:45:00.000Z,data-analyst,2023-06-10T18:00:00.000Z,business-analyst,https://picsum.photos/317,true
789abcd3-23454-4abc-4567-789abcd01234,Lily Hayes,lily.h@data.com,https://picsum.photos/id/1990/200,2017-10-02T14:00:00.000Z,project-manager,2024-08-25T04:15:00.000Z,product-owner,https://picsum.photos/318,true
cba98764-34565-4def-5678-cba9876def01,Mason Price,mason.p@network.net,https://picsum.photos/id/2000/200,2023-04-16T22:15:00.000Z,scrum-master,2024-01-01T12:30:00.000Z,agile-coach,https://picsum.photos/319,true
12345675-45676-4abc-6789-1234567ef012,Nora Bell,nora.b@online.org,https://picsum.photos/id/2010/200,2019-06-29T06:30:00.000Z,team-lead,2025-02-20T20:45:00.000Z,engineering-manager,https://picsum.photos/320,true
f0e9d8c6-56787-4def-7890-f0e9d8c76543,Owen Shaw,owen.s@digital.com,https://picsum.photos/id/2020/200,2021-11-02T15:45:00.000Z,vp-engineering,2023-07-10T07:00:00.000Z,cto,https://picsum.photos/321,true
89abcdef7-67898-4abc-8901-89abcdef0123,Phoebe West,phoebe.w@cloud.net,https://picsum.photos/id/2030/200,2017-08-16T01:00:00.000Z,architect,2024-09-05T15:15:00.000Z,senior-developer,https://picsum.photos/322,true
cdefa018-78909-4def-9012-cdefa0123456,Quinn Reed,quinn.r@web.io,https://picsum.photos/id/2040/200,2023-03-01T09:15:00.000Z,developer,2023-12-25T23:30:00.000Z,junior-developer,https://picsum.photos/323,true
23456789-89010-4abc-0123-2345678f0123,Riley Hayes,riley.h@tech.org,https://picsum.photos/id/2050/200,2020-04-13T17:30:00.000Z,qa-engineer,2025-04-02T10:45:00.000Z,test-automation,https://picsum.photos/324,true
9012345a-90121-4def-1234-9012345g0hij,Skylar Price,skylar.p@data.com,https://picsum.photos/id/2060/200,2022-10-27T02:45:00.000Z,ux-designer,2023-01-18T07:00:00.000Z,ui-developer,https://picsum.photos/325,true
bcdefa0b-01232-4abc-2345-bcdefa012345,Tristan Bell,tristan.b@network.net,https://picsum.photos/id/2070/200,2018-05-11T11:00:00.000Z,product-designer,2024-07-15T19:15:00.000Z,technical-writer,https://picsum.photos/326,true
3456789c-12343-4def-3456-3456789abcdef0,Violet Shaw,violet.s@online.org,https://picsum.photos/id/2080/200,2024-01-03T19:15:00.000Z,devops-engineer,2024-11-28T05:30:00.000Z,site-reliability,https://picsum.photos/327,true
ef01234d-23454-4abc-4567-ef0123456789,Wyatt West,wyatt.w@digital.com,https://picsum.photos/id/2090/200,2020-07-17T03:30:00.000Z,security-analyst,2023-03-05T13:45:00.000Z,network-engineer,https://picsum.photos/328,true
789abcd4-34565-4def-5678-789abcd01234,Xena Reed,xena.r@cloud.net,https://picsum.photos/id/2100/200,2022-09-30T12:45:00.000Z,database-admin,2025-02-10T21:00:00.000Z,system-administrator,https://picsum.photos/329,true
cba98765-45676-4abc-6789-cba9876def01,Yara Hayes,yara.h@web.io,https://picsum.photos/id/2110/200,2018-02-11T21:00:00.000Z,cloud-engineer,2023-08-01T07:15:00.000Z,solutions-architect,https://picsum.photos/330,true
12345676-56787-4def-7890-1234567ef012,Zane Price,zane.p@tech.org,https://picsum.photos/id/2120/200,2024-04-24T06:15:00.000Z,support-engineer,2024-10-25T15:30:00.000Z,customer-success,https://picsum.photos/331,true
f0e9d8c7-67898-4abc-8901-f0e9d8c76543,Aiden Bell,aiden.b@data.com,https://picsum.photos/id/2130/200,2020-08-07T14:30:00.000Z,sales-engineer,2023-02-12T01:45:00.000Z,marketing-specialist,https://picsum.photos/332,true
89abcdef8-78909-4def-9012-89abcdef0123,Bella Shaw,bella.s@network.net,https://picsum.photos/id/2140/200,2022-12-19T23:45:00.000Z,content-writer,2025-03-08T09:00:00.000Z,graphic-designer,https://picsum.photos/333,true
cdefa019-89010-4abc-0123-cdefa0123456,Caleb West,caleb.w@online.org,https://picsum.photos/id/2150/200,2016-05-02T10:00:00.000Z,social-media,2023-09-01T17:15:00.000Z,seo-specialist,https://picsum.photos/334,true
2345678a-90121-4def-1234-2345678f0123,Daisy Reed,daisy.r@digital.com,https://picsum.photos/id/2160/200,2024-01-15T18:15:00.000Z,реклама,2024-11-15T05:30:00.000Z,pr-manager,https://picsum.photos/335,true
9012345b-01232-4abc-2345-9012345g0hij,Ethan Hayes,ethan.h@cloud.net,https://picsum.photos/id/2170/200,2020-09-28T04:30:00.000Z,human-resources,2023-04-20T13:45:00.000Z,recruiter,https://picsum.photos/336,true
bcdefa0c-12343-4def-3456-bcdefa012345,Fiona Price,fiona.p@web.io,https://picsum.photos/id/2180/200,2022-06-11T13:45:00.000Z,finance-manager,2025-03-28T22:00:00.000Z,accountant,https://picsum.photos/337,true
456789ad-23454-4def-5678-abcdef012345,Gabriel Bell,gabriel.b@tech.com,https://picsum.photos/id/2190/200,2021-01-02T15:00:00.000Z,payroll-admin,2023-11-05T09:15:00.000Z,benefits-specialist,https://picsum.photos/338,true
cdef012e-34565-4abc-6789-cdefa0123456,Harper Shaw,harper.s@data.net,https://picsum.photos/id/2200/200,2019-08-15T00:15:00.000Z,legal-counsel,2024-05-10T17:30:00.000Z,paralegal,https://picsum.photos/339,true
56789abe-45676-4def-7890-bcdefa012345,Isaac West,isaac.w@network.io,https://picsum.photos/id/2210/200,2023-05-20T08:30:00.000Z,executive-assistant,2024-02-15T03:45:00.000Z,office-manager,https://picsum.photos/340,true
def0123f-56787-4abc-8901-def012345678,Jade Reed,jade.r@online.org,https://picsum.photos/id/2220/200,2017-03-01T16:45:00.000Z,marketing-manager,2025-01-20T12:00:00.000Z,brand-manager,https://picsum.photos/341,true
6789abcf-67898-4def-9012-cdefa0123456,Kai Hayes,kai.h@digital.com,https://picsum.photos/id/2230/200,2022-11-13T01:00:00.000Z,communications-mgr,2023-07-25T20:15:00.000Z,public-relations,https://picsum.photos/342,true
abcd1230-78909-4abc-0123-def012345678,Luna Price,luna.p@cloud.net,https://picsum.photos/id/2240/200,2019-09-26T09:15:00.000Z,advertising-coord,2024-08-03T06:30:00.000Z,media-buyer,https://picsum.photos/343,true
789abcd1-89010-4def-1234-ef0123456789,Milo Bell,milo.b@web.io,https://picsum.photos/id/2250/200,2021-04-09T17:30:00.000Z,market-research,2023-01-01T14:45:00.000Z,data-scientist,https://picsum.photos/344,true
f0e9d8c2-90121-4abc-2345-f0e9d8c76543,Nova Shaw,nova.s@tech.org,https://picsum.photos/id/2260/200,2017-12-23T02:45:00.000Z,sales-manager,2024-11-20T00:00:00.000Z,account-executive,https://picsum.photos/345,true
89abcdef3-01232-4def-3456-89abcdef0123,Owen West,owen.w@data.com,https://picsum.photos/id/2270/200,2023-06-05T11:00:00.000Z,business-dev-mgr,2023-03-10T21:15:00.000Z,partnership-manager,https://picsum.photos/346,true
cdefa014-12343-4abc-4567-cdefa0123456,Piper Reed,piper.r@network.net,https://picsum.photos/id/2280/200,2015-10-17T19:15:00.000Z,customer-service,2022-06-05T07:30:00.000Z,support-specialist,https://picsum.photos/347,true
23456785-23454-4def-5678-2345678f0123,River Hayes,river.h@online.org,https://picsum.photos/id/2290/200,2022-08-29T04:30:00.000Z,technical-support,2025-03-01T15:45:00.000Z,helpdesk-analyst,https://picsum.photos/348,true
90123456-34565-4abc-6789-9012345g0hij,Stella Price,stella.p@digital.com,https://picsum.photos/id/2300/200,2018-04-02T12:45:00.000Z,training-manager,2023-09-20T02:00:00.000Z,e-learning-coord,https://picsum.photos/349,true
bcdefa07-45676-4def-7890-bcdefa012345,Theodore Bell,theodore.b@cloud.net,https://picsum.photos/id/2310/200,2024-01-26T21:00:00.000Z,facilities-mgr,2024-02-15T10:15:00.000Z,maintenance-coord,https://picsum.photos/350,true
34567898-56787-4abc-8901-3456789abcdef0,Willow Shaw,willow.s@web.io,https://picsum.photos/id/2320/200,2020-06-09T06:15:00.000Z,supply-chain-mgr,2023-05-03T18:30:00.000Z,logistics-coord,https://picsum.photos/351,true
ef012349-67898-4def-9012-ef0123456789,Xavier West,xavier.w@tech.org,https://picsum.photos/id/2330/200,2022-10-23T14:30:00.000Z,purchasing-agent,2024-12-20T04:45:00.000Z,vendor-relations,https://picsum.photos/352,true
789abcda-78909-4abc-0123-789abcd01234,Zara Reed,zara.r@data.com,https://picsum.photos/id/2340/200,2016-02-05T22:45:00.000Z,research-scientist,2023-10-28T13:00:00.000Z,lab-technician,https://picsum.photos/353,true
cba9876b-89010-4def-1234-cba9876def01,Asher Hayes,asher.h@network.net,https://picsum.photos/id/2350/200,2023-11-27T07:00:00.000Z,data-engineer,2024-02-15T21:15:00.000Z,etl-developer,https://picsum.photos/354,true
1234567c-90121-4abc-2345-1234567ef012,Aurora Price,aurora.p@online.org,https://picsum.photos/id/2360/200,2019-07-10T15:15:00.000Z,machine-learning,2025-03-01T07:30:00.000Z,ai-specialist,https://picsum.photos/355,true
f0e9d8c3-01232-4def-3456-f0e9d8c76543,Caleb Bell,caleb.b@digital.com,https://picsum.photos/id/2370/200,2021-03-24T00:30:00.000Z,full-stack-dev,2023-06-10T15:45:00.000Z,front-end-dev,https://picsum.photos/356,true
89abcdef4-12343-4abc-4567-89abcdef0123,Eleanor Shaw,eleanor.s@cloud.net,https://picsum.photos/id/2380/200,2017-11-06T08:45:00.000Z,back-end-dev,2024-08-25T02:00:00.000Z,mobile-developer,https://picsum.photos/357,true
cdefa015-23454-4def-5678-cdefa0123456,Finn West,finn.w@web.io,https://picsum.photos/id/2390/200,2023-05-01T17:00:00.000Z,game-developer,2024-01-01T10:15:00.000Z,embedded-systems,https://picsum.photos/358,true
23456786-34565-4abc-6789-2345678f0123,Grace Reed,grace.r@tech.org,https://picsum.photos/id/2400/200,2020-07-14T05:15:00.000Z,network-admin,2025-04-02T18:30:00.000Z,security-engineer,https://picsum.photos/359,true
90123457-45676-4def-7890-9012345g0hij,Henry Hayes,henry.h@data.com,https://picsum.photos/id/2410/200,2022-12-28T13:30:00.000Z,systems-engineer,2023-07-10T04:45:00.000Z,it-consultant,https://picsum.photos/360,true
bcdefa08-56787-4abc-8901-bcdefa012345,Isla Price,isla.p@network.net,https://picsum.photos/id/2420/200,2019-02-21T21:45:00.000Z,it-manager,2024-09-05T13:00:00.000Z,cio,https://picsum.photos/361,true
34567899-67898-4def-9012-3456789abcdef0,Jack Bell,jack.b@online.org,https://picsum.photos/id/2430/200,2023-03-07T06:00:00.000Z,technical-lead,2023-12-25T21:15:00.000Z,software-architect,https://picsum.photos/362,true
ef01234a-78909-4abc-0123-ef0123456789,Keira Shaw,keira.s@digital.com,https://picsum.photos/id/2440/200,2020-08-19T14:15:00.000Z,data-architect,2025-04-02T07:30:00.000Z,database-developer,https://picsum.photos/363,true
789abcd0-89010-4def-1234-789abcd01234,Leo West,leo.w@cloud.net,https://picsum.photos/id/2450/200,2022-11-01T22:30:00.000Z,security-engineer,2023-07-10T18:45:00.000Z,cybersecurity-analyst,https://picsum.photos/364,true
cba98761-90121-4abc-2345-cba9876def01,Lily Reed,lily.r@web.io,https://picsum.photos/id/2460/200,2019-05-14T03:45:00.000Z,it-support,2024-09-05T01:00:00.000Z,helpdesk-technician,https://picsum.photos/365,true
1234567d-01232-4def-3456-1234567ef012,Lucas Hayes,lucas.h@tech.com,https://picsum.photos/id/2470/200,2021-06-17T11:00:00.000Z,network-ops,2023-11-10T05:15:00.000Z,system-admin,https://picsum.photos/366,true
f0e9d8c8-12343-4abc-4567-f0e9d8c76543,Mia Price,mia.p@data.net,https://picsum.photos/id/2480/200,2018-08-01T19:15:00.000Z,database-ops,2024-05-15T13:30:00.000Z,data-engineer,https://picsum.photos/367,true
89abcdef9-23454-4def-5678-89abcdef0123,Nathan Bell,nathan.b@network.io,https://picsum.photos/id/2490/200,2023-01-05T03:30:00.000Z,cloud-ops,2024-02-20T21:45:00.000Z,devops-engineer,https://picsum.photos/368,true
cdefa01a-34565-4abc-6789-cdefa0123456,Olivia Shaw,olivia.s@online.org,https://picsum.photos/id/2500/200,2016-03-20T12:45:00.000Z,security-ops,2025-01-25T06:00:00.000Z,security-analyst,https://picsum.photos/369,true
2345678b-45676-4def-7890-2345678f0123,Preston West,preston.w@digital.com,https://picsum.photos/id/2510/200,2022-11-18T21:00:00.000Z,it-support,2023-07-30T17:15:00.000Z,helpdesk-tech,https://picsum.photos/370,true
9012345c-56787-4abc-8901-9012345g0hij,Riley Reed,riley.r@cloud.net,https://picsum.photos/id/2520/200,2019-09-30T09:15:00.000Z,software-dev,2024-08-08T01:30:00.000Z,full-stack,https://picsum.photos/371,true
bcdefa0d-67898-4def-9012-bcdefa012345,Scarlett Hayes,scarlett.h@web.io,https://picsum.photos/id/2530/200,2021-04-13T17:30:00.000Z,qa-testing,2023-01-05T14:45:00.000Z,test-engineer,https://picsum.photos/372,true
3456789e-78909-4abc-0123-3456789abcdef0,Thomas Price,thomas.p@tech.org,https://picsum.photos/id/2540/200,2017-12-28T02:45:00.000Z,ux-design,2024-11-25T23:00:00.000Z,ui-designer,https://picsum.photos/373,true
ef01234f-89010-4def-1234-ef0123456789,Victoria Bell,victoria.b@data.com,https://picsum.photos/id/2550/200,2023-06-10T11:00:00.000Z,product-mgmt,2023-03-15T21:15:00.000Z,product-owner,https://picsum.photos/374,true
789abcd0-90121-4abc-2345-789abcd01234,William Shaw,william.s@network.net,https://picsum.photos/id/2560/200,2015-10-22T19:15:00.000Z,project-mgmt,2022-06-10T07:30:00.000Z,project-manager,https://picsum.photos/375,true
cba98761-01232-4def-3456-cba9876def01,Xavier West,xavier.w@online.org,https://picsum.photos/id/2570/200,2022-09-03T04:30:00.000Z,business-analyst,2025-03-05T15:45:00.000Z,data-analyst,https://picsum.photos/376,true
12345672-12343-4abc-4567-1234567ef012,Yasmine Reed,yasmine.r@digital.com,https://picsum.photos/id/2580/200,2018-04-06T12:45:00.000Z,sales-ops,2023-09-25T02:00:00.000Z,sales-coord,https://picsum.photos/377,true
f0e9d8c3-23454-4def-5678-f0e9d8c76543,Zane Hayes,zane.h@cloud.net,https://picsum.photos/id/2590/200,2024-01-30T21:00:00.000Z,marketing-ops,2024-02-20T10:15:00.000Z,marketing-coord,https://picsum.photos/378,true
89abcdef4-34565-4abc-6789-89abcdef0123,Aria Price,aria.p@web.io,https://picsum.photos/id/2600/200,2020-07-19T06:15:00.000Z,finance-ops,2023-05-08T18:30:00.000Z,finance-coord,https://picsum.photos/379,true
cdefa015-45676-4def-7890-cdefa0123456,Beckett Bell,beckett.b@tech.org,https://picsum.photos/id/2610/200,2022-10-27T14:30:00.000Z,hr-ops,2024-12-25T04:45:00.000Z,hr-coord,https://picsum.photos/380,true
23456786-56787-4abc-8901-2345678f0123,Chloe Shaw,chloe.s@data.com,https://picsum.photos/id/2620/200,2019-02-01T22:45:00.000Z,legal-ops,2023-11-15T13:00:00.000Z,legal-assist,https://picsum.photos/381,true
90123457-67898-4def-9012-9012345g0hij,Declan West,declan.w@network.net,https://picsum.photos/id/2630/200,2023-03-14T07:00:00.000Z,admin-ops,2024-02-20T21:15:00.000Z,admin-assist,https://picsum.photos/382,true
bcdefa08-78909-4abc-0123-bcdefa012345,Eleanor Reed,eleanor.r@online.org,https://picsum.photos/id/2640/200,2020-08-26T15:15:00.000Z,facilities-ops,2023-08-03T05:30:00.000Z,facility-coord,https://picsum.photos/383,true
34567899-89010-4def-1234-3456789abcdef0,Finn Hayes,finn.h@digital.com,https://picsum.photos/id/2650/200,2022-04-10T00:30:00.000Z,supply-chain-ops,2025-03-01T13:45:00.000Z,supply-coord,https://picsum.photos/384,true
ef01234a-90121-4abc-2345-ef0123456789,Gemma Price,gemma.p@cloud.net,https://picsum.photos/id/2660/200,2019-06-23T09:45:00.000Z,research-ops,2023-06-10T02:00:00.000Z,research-assist,https://picsum.photos/385,true
789abcdb-01232-4def-3456-789abcd01234,Hayden Bell,hayden.b@web.io,https://picsum.photos/id/2670/200,2023-11-05T18:00:00.000Z,development-ops,2024-02-15T10:15:00.000Z,dev-ops-coord,https://picsum.photos/386,true
cba9876c-12343-4abc-4567-cba9876def01,Isla Shaw,isla.s@tech.org,https://picsum.photos/id/2680/200,2017-01-08T03:15:00.000Z,testing-ops,2022-12-30T18:30:00.000Z,test-coord,https://picsum.photos/387,true
1234567d-23454-4def-5678-1234567ef012,Jasper West,jasper.w@data.com,https://picsum.photos/id/2690/200,2020-09-20T12:30:00.000Z,design-ops,2024-08-03T06:45:00.000Z,design-coord,https://picsum.photos/388,true
f0e9d8c4-34565-4abc-6789-f0e9d8c76543,Keira Reed,keira.r@network.net,https://picsum.photos/id/2700/200,2022-05-03T21:45:00.000Z,security-eng-ops,2023-09-25T15:00:00.000Z,sec-eng-coord,https://picsum.photos/389,true
89abcdef5-45676-4def-7890-89abcdef0123,Liam Hayes,liam.h@online.org,https://picsum.photos/id/2710/200,2019-11-16T07:00:00.000Z,database-eng-ops,2025-04-02T01:15:00.000Z,db-eng-coord,https://picsum.photos/390,true
cdefa016-56787-4abc-8901-cdefa0123456,Luna Price,luna.p@digital.com,https://picsum.photos/id/2720/200,2023-02-28T15:15:00.000Z,cloud-eng-ops,2023-01-18T09:30:00.000Z,cloud-eng-coord,https://picsum.photos/391,true
23456787-67898-4def-9012-2345678f0123,Mason Bell,mason.b@cloud.net,https://picsum.photos/id/2730/200,2017-04-11T00:30:00.000Z,network-eng-ops,2024-07-30T17:45:00.000Z,net-eng-coord,https://picsum.photos/392,true
90123458-78909-4abc-0123-9012345g0hij,Nora Shaw,nora.s@web.io,https://picsum.photos/id/2740/200,2020-08-23T08:45:00.000Z,systems-eng-ops,2024-01-05T02:00:00.000Z,sys-eng-coord,https://picsum.photos/393,true
bcdefa09-89010-4def-1234-bcdefa012345,Owen West,owen.w@tech.org,https://picsum.photos/id/2750/200,2022-06-06T17:00:00.000Z,support-ops,2025-03-01T10:15:00.000Z,support-coord,https://picsum.photos/394,true
3456789a-90121-4abc-2345-3456789abcdef0,Penelope Reed,penelope.r@data.com,https://picsum.photos/id/2760/200,2019-01-19T04:15:00.000Z,sales-support,2023-06-15T18:30:00.000Z,sales-assist,https://picsum.photos/395,true
ef01234b-01232-4def-3456-ef0123456789,Quinn Hayes,quinn.h@network.net,https://picsum.photos/id/2770/200,2021-07-02T12:30:00.000Z,marketing-support,2024-02-20T02:45:00.000Z,marketing-assist,https://picsum.photos/396,true
789abcd2-12343-4abc-4567-789abcd01234,Rowan Price,rowan.p@online.org,https://picsum.photos/id/2780/200,2017-05-25T20:45:00.000Z,finance-support,2025-01-25T11:00:00.000Z,finance-assist,https://picsum.photos/397,true
cba98763-23454-4def-5678-cba9876def01,Skylar Bell,skylar.b@digital.com,https://picsum.photos/id/2790/200,2023-12-09T05:00:00.000Z,hr-support,2023-08-03T19:15:00.000Z,hr-assist,https://picsum.photos/398,true
12345674-34565-4abc-6789-1234567ef012,Taylor Shaw,taylor.s@cloud.net,https://picsum.photos/id/2800/200,2020-02-13T13:15:00.000Z,legal-support,2024-11-20T05:30:00.000Z,legal-secretary,https://picsum.photos/399,true
f0e9d8c5-45676-4def-7890-f0e9d8c76543,Uriel West,uriel.w@web.io,https://picsum.photos/id/2810/200,2022-07-27T21:30:00.000Z,admin-support,2023-01-01T01:45:00.000Z,admin-clerk,https://picsum.photos/400,true
89abcdef6-56787-4abc-8901-89abcdef0123,Violet Reed,violet.r@tech.org,https://picsum.photos/id/2820/200,2019-04-20T09:45:00.000Z,facilities-support,2025-04-15T10:00:00.000Z,facility-staff,https://picsum.photos/401,true
cdefa017-67898-4def-9012-cdefa0123456,Wesley Hayes,wesley.h@data.com,https://picsum.photos/id/2830/200,2023-11-01T18:00:00.000Z,supply-chain-support,2023-07-25T18:15:00.000Z,supply-staff,https://picsum.photos/402,true
23456788-78909-4abc-0123-2345678f0123,Xena Price,xena.p@network.net,https://picsum.photos/id/2840/200,2017-08-14T02:15:00.000Z,research-support,2024-08-03T04:30:00.000Z,research-assist,https://picsum.photos/403,true
90123459-89010-4def-1234-9012345g0hij,Yara Bell,yara.b@online.org,https://picsum.photos/id/2850/200,2022-03-29T10:30:00.000Z,development-support,2023-01-01T16:45:00.000Z,dev-assist,https://picsum.photos/404,true
bcdefa0a-90121-4abc-2345-bcdefa012345,Zane Shaw,zane.s@digital.com,https://picsum.photos/id/2860/200,2019-05-03T19:45:00.000Z,testing-support,2024-11-20T03:00:00.000Z,test-staff,https://picsum.photos/405,true
3456789b-01232-4def-3456-3456789abcdef0,Aaliyah West,aaliyah.w@cloud.net,https://picsum.photos/id/2870/200,2023-12-17T06:00:00.000Z,design-support,2023-03-15T19:15:00.000Z,design-staff,https://picsum.photos/406,true
ef01234c-12343-4abc-4567-ef0123456789,Aaron Reed,aaron.r@web.io,https://picsum.photos/id/2880/200,2020-02-28T14:15:00.000Z,security-eng-support,2025-04-15T09:30:00.000Z,sec-eng-assist,https://picsum.photos/407,true
789abcd3-23454-4def-5678-789abcd01234,Abigail Hayes,abigail.h@tech.org,https://picsum.photos/id/2890/200,2022-07-12T22:30:00.000Z,database-eng-support,2023-07-25T17:45:00.000Z,db-eng-assist,https://picsum.photos/408,true
cba98764-34565-4abc-6789-cba9876def01,Adam Price,adam.p@data.com,https://picsum.photos/id/2900/200,2019-09-05T06:45:00.000Z,cloud-eng-support,2024-08-03T02:00:00.000Z,cloud-eng-assist,https://picsum.photos/409,true
12345675-45676-4def-7890-1234567ef012,Addison Bell,addison.b@network.net,https://picsum.photos/id/2910/200,2023-04-21T15:00:00.000Z,network-eng-support,2023-01-01T14:15:00.000Z,net-eng-assist,https://picsum.photos/410,true
f0e9d8c6-56787-4abc-8901-f0e9d8c76543,Adrian Shaw,adrian.s@online.org,https://picsum.photos/id/2920/200,2020-02-04T03:15:00.000Z,systems-eng-support,2024-11-20T00:30:00.000Z,sys-eng-assist,https://picsum.photos/411,true
89abcdef7-67898-4def-9012-89abcdef0123,Aidan West,aidan.w@digital.com,https://picsum.photos/id/2930/200,2022-10-19T11:30:00.000Z,support-support,2023-07-25T16:45:00.000Z,support-staff,https://picsum.photos/412,true
cdefa018-78909-4abc-0123-cdefa0123456,Alana Reed,alana.r@cloud.net,https://picsum.photos/id/2940/200,2019-06-02T19:45:00.000Z,sales-support-team,2025-04-15T07:00:00.000Z,sales-team,https://picsum.photos/413,true
23456789-89010-4def-1234-2345678f0123,Alexander Hayes,alexander.h@web.io,https://picsum.photos/id/2950/200,2023-01-16T06:00:00.000Z,marketing-support-team,2023-01-01T19:15:00.000Z,marketing-team,https://picsum.photos/414,true
9012345a-90121-4abc-2345-9012345g0hij,Alexis Price,alexis.p@tech.org,https://picsum.photos/id/2960/200,2020-03-01T14:15:00.000Z,finance-support-team,2024-11-20T01:30:00.000Z,finance-team,https://picsum.photos/415,true
bcdefa0b-01232-4def-3456-bcdefa012345,Alice Bell,alice.b@data.com,https://picsum.photos/id/2970/200,2022-08-15T22:30:00.000Z,hr-support-team,2023-07-25T15:45:00.000Z,hr-team,https://picsum.photos/416,true
3456789c-12343-4abc-4567-3456789abcdef0,Allison Shaw,allison.s@network.net,https://picsum.photos/id/2980/200,2019-07-29T02:45:00.000Z,legal-support-team,2024-08-03T00:00:00.000Z,legal-team,https://picsum.photos/417,true
ef01234d-23454-4def-5678-ef0123456789,Amelia West,amelia.w@online.org,https://picsum.photos/id/2990/200,2023-01-12T11:00:00.000Z,admin-support-team,2023-01-01T12:15:00.000Z,admin-team,https://picsum.photos/418,true
789abcd4-34565-4abc-6789-789abcd01234,Andrew Reed,andrew.r@digital.com,https://picsum.photos/id/3000/200,2020-03-26T19:15:00.000Z,facilities-support-team,2025-04-15T06:30:00.000Z,facilities-team,https://picsum.photos/419,true
cba98765-45676-4def-7890-cba9876def01,Angel Hayes,angel.h@cloud.net,https://picsum.photos/id/3010/200,2022-08-08T03:30:00.000Z,supply-chain-support-team,2023-07-25T14:45:00.000Z,supply-team,https://picsum.photos/420,true
12345676-56787-4abc-8901-1234567ef012,Anna Price,anna.p@web.io,https://picsum.photos/id/3020/200,2019-07-22T11:45:00.000Z,research-support-team,2024-08-02T23:00:00.000Z,research-team,https://picsum.photos/421,true
f0e9d8c7-67898-4def-9012-f0e9d8c76543,Anthony Bell,anthony.b@tech.org,https://picsum.photos/id/3030/200,2023-01-05T20:00:00.000Z,development-support-team,2023-01-01T11:15:00.000Z,development-team,https://picsum.photos/422,true
89abcdef8-78909-4abc-0123-89abcdef0123,Avery Shaw,avery.s@data.com,https://picsum.photos/id/3040/200,2020-03-19T04:15:00.000Z,testing-support-team,2024-11-19T21:30:00.000Z,testing-team,https://picsum.photos/423,true
a1b2c3d4-e5f6-7890-1234-567890abcdef,Wyatt Bell,wyatt.b@digital.com,https://picsum.photos/id/3630/200,2023-01-05T16:00:00.000Z,junior-exec,2023-01-01T04:45:00.000Z,junior-leader,https://picsum.photos/482,true
f9e8d7c6-b5a4-3210-fedc-ba9876543210,Xavier Shaw,xavier.s@cloud.net,https://picsum.photos/id/3640/200,2020-03-19T00:15:00.000Z,senior-leader,2024-11-18T01:00:00.000Z,senior-manager,https://picsum.photos/483,true
01234567-89ab-cdef-0123-456789abcdef01,Yara West,yara.w@web.io,https://picsum.photos/id/3650/200,2022-08-01T08:30:00.000Z,team-manager,2023-07-24T18:15:00.000Z,group-manager,https://picsum.photos/484,true
bacdef09-8765-4321-fedc-ba987654321f,Zane Reed,zane.r@tech.org,https://picsum.photos/id/3660/200,2019-08-22T00:45:00.000Z,department-head,2024-08-01T12:30:00.000Z,director-level,https://picsum.photos/485,true
19283746-5a6b-7c8d-9e0f-1a2b3c4d5e6f,Aaliyah Hayes,aaliyah.h@data.com,https://picsum.photos/id/3670/200,2023-01-05T16:00:00.000Z,executive-director,2023-01-01T04:45:00.000Z,vp-level,https://picsum.photos/486,true
fedcba98-7654-3210-0123-456789abcdef98,Aaron Price,aaron.p@network.net,https://picsum.photos/id/3680/200,2020-03-19T00:15:00.000Z,consultant,2024-11-18T01:00:00.000Z,specialist,https://picsum.photos/489,true
9abcdef0-1234-5678-9abc-def012345678,Abigail Bell,abigail.b@online.org,https://picsum.photos/id/3690/200,2022-08-01T08:30:00.000Z,board-member,2023-07-24T18:15:00.000Z,advisor,https://picsum.photos/488,true
87654321-fedc-ba98-7654-3210abcdef01,Adam Shaw,adam.s@digital.com,https://picsum.photos/id/3700/200,2019-08-22T00:45:00.000Z,associate,2024-08-01T12:30:00.000Z,analyst,https://picsum.photos/490,true
2b3c4d5e-6f7a-8901-2345-67890abcdef12,Addison West,addison.w@cloud.net,https://picsum.photos/id/3710/200,2023-01-05T16:00:00.000Z,coordinator,2023-01-01T04:45:00.000Z,representative,https://picsum.photos/491,true
def01234-5678-9abc-def0-123456789abc,Adrian Reed,adrian.r@web.io,https://picsum.photos/id/3720/200,2020-03-19T00:15:00.000Z,officer,2024-11-18T01:00:00.000Z,agent,https://picsum.photos/492,true
3456789a-bcde-f012-3456-7890abcdef34,Aidan Hayes,aidan.h@tech.org,https://picsum.photos/id/3730/200,2022-08-01T08:30:00.000Z,technician,2023-07-24T18:15:00.000Z,mechanic,https://picsum.photos/493,true
cdef0123-4567-89ab-cdef-0123456789ab,Alana Price,alana.p@data.com,https://picsum.photos/id/3740/200,2019-08-22T00:45:00.000Z,installer,2024-08-01T12:30:00.000Z,operator,https://picsum.photos/494,true
a0b1c2d3-e4f5-6789-a0b1-c2d3e4f56789,Alexander Bell,alexander.b@network.net,https://picsum.photos/id/3750/200,2023-01-05T16:00:00.000Z,planner,2023-01-01T04:45:00.000Z,scheduler,https://picsum.photos/495,true
98765432-10fe-dcba-9876-543210fedcba,Alexis Shaw,alexis.s@online.org,https://picsum.photos/id/3760/200,2020-03-19T00:15:00.000Z,trainer,2024-11-18T01:00:00.000Z,educator,https://picsum.photos/496,true
fdecba09-1234-5678-fdec-ba0912345678,Alice West,alice.w@digital.com,https://picsum.photos/id/3770/200,2022-08-01T08:30:00.000Z,curator,2023-07-24T18:15:00.000Z,archivist,https://picsum.photos/497,true
1a2b3c4d-5e6f-7890-1a2b-3c4d5e6f7890,Allison Reed,allison.r@cloud.net,https://picsum.photos/id/3780/200,2019-08-22T00:45:00.000Z,therapist,2024-08-01T12:30:00.000Z,counselor,https://picsum.photos/498,true
edcba987-6543-210f-edcb-a9876543210f,Amelia Hayes,amelia.h@web.io,https://picsum.photos/id/3790/200,2023-01-05T16:00:00.000Z,librarian,2023-01-01T04:45:00.000Z,researcher,https://picsum.photos/499,true
7b8c9d0e-f1a2-3456-7b8c-9d0ef1a23456,Andrew Price,andrew.p@tech.org,https://picsum.photos/id/3800/200,2020-03-19T00:15:00.000Z,chef,2024-11-18T01:00:00.000Z,cook,https://picsum.photos/500,true
6543210f-edcb-a987-6543-210fedcba987,Angel Bell,angel.b@data.com,https://picsum.photos/id/3810/200,2022-08-01T08:30:00.000Z,waiter,2023-07-24T18:15:00.000Z,server,https://picsum.photos/501,true
cdef9876-5432-10fe-dcba-9876543210fe,Anna Shaw,anna.s@network.net,https://picsum.photos/id/3820/200,2019-08-22T00:45:00.000Z,bartender,2024-08-01T12:30:00.000Z,mixologist,https://picsum.photos/502,true
5e6f7a8b-9c0d-e1f2-3456-7890abcdef5e,Anthony West,anthony.w@online.org,https://picsum.photos/id/3830/200,2023-01-05T16:00:00.000Z,driver,2023-01-01T04:45:00.000Z,chauffeur,https://picsum.photos/503,true
b0c1d2e3-f4a5-6789-b0c1-d2e3f4a56789,Avery Reed,avery.r@digital.com,https://picsum.photos/id/3840/200,2020-03-19T00:15:00.000Z,pilot,2024-11-18T01:00:00.000Z,aviator,https://picsum.photos/504,true
4321fedc-ba98-7654-3210-abcdef012343,Bailey Hayes,bailey.h@cloud.net,https://picsum.photos/id/3850/200,2022-08-01T08:30:00.000Z,steward,2023-07-24T18:15:00.000Z,attendant,https://picsum.photos/505,true
e5f67890-1234-5678-e5f6-789012345678,Brooklyn Price,brooklyn.p@web.io,https://picsum.photos/id/3860/200,2019-08-22T00:45:00.000Z,carpenter,2024-08-01T12:30:00.000Z,joiner,https://picsum.photos/506,true
dcbafed0-9876-5432-10fe-dcba98765432,Caleb Bell,caleb.b@tech.org,https://picsum.photos/id/3870/200,2023-01-05T16:00:00.000Z,plumber,2023-01-01T04:45:00.000Z,fitter,https://picsum.photos/507,true
67890abc-def0-1234-5678-90abcdef012345,Cameron Shaw,cameron.s@data.com,https://picsum.photos/id/3880/200,2020-03-19T00:15:00.000Z,electrician,2024-11-18T01:00:00.000Z,wireman,https://picsum.photos/508,true
7a8b9c0d-e1f2-3456-7a8b-9c0de1f23456,Charlie West,charlie.w@network.net,https://picsum.photos/id/3890/200,2022-08-01T08:30:00.000Z,painter,2023-07-24T18:15:00.000Z,decorator,https://picsum.photos/509,true
3c4d5e6f-7a8b-9c0d-e1f2-34567890abcd,Chloe Reed,chloe.r@online.org,https://picsum.photos/id/3900/200,2019-08-22T00:45:00.000Z,builder,2024-08-01T12:30:00.000Z,constructor,https://picsum.photos/510,true
defabc01-2345-6789-defa-bc0123456789,Connor Hayes,connor.h@digital.com,https://picsum.photos/id/3910/200,2023-01-05T16:00:00.000Z,builder,2023-01-01T04:45:00.000Z,constructor,https://picsum.photos/510,true